Index,Version ID,Version Name,Date
1,12313216,3.0.0,2008-10-27T00:00
2,12313500,3.0.1,2008-12-04T00:00
3,12313381,3.1.0,2009-02-13T00:00
4,12313649,3.1.1,2009-03-27T00:00
5,12313491,3.2.0,2009-07-08T00:00
6,12314068,3.2.1,2009-09-04T00:00
7,12314335,3.2.2,2009-12-14T00:00
8,12313976,3.3.0,2010-03-25T00:00
9,12314846,3.3.1,2010-05-17T00:00
10,12315108,3.3.2,2010-11-11T00:00
11,12315482,3.3.3,2011-02-27T00:00
12,12314469,3.4.0,2011-11-22T00:00
13,12316276,3.3.4,2011-11-26T00:00
14,12318650,3.4.1,2011-12-16T00:00
15,12319196,3.4.2,2011-12-29T00:00
16,12319288,3.4.3,2012-02-13T00:00
17,12319081,3.3.5,2012-03-20T00:00
18,12320172,3.3.6,2012-08-02T00:00
19,12319841,3.4.4,2012-09-23T00:00
20,12321883,3.4.5,2012-11-18T00:00
21,12323310,3.4.6,2014-03-10T00:00
22,12316644,3.5.0,2014-08-04T00:00
23,12326786,3.5.1,2015-09-02T00:00
24,12325149,3.4.7,2015-12-03T00:00
25,12326517,3.4.8,2016-02-22T00:00
26,12331981,3.5.2,2016-07-21T00:00
27,12334700,3.4.9,2016-09-03T00:00
28,12338036,3.4.10,2017-03-30T00:00
29,12335444,3.5.3,2017-04-17T00:00
30,12339207,3.4.11,2017-11-09T00:00
31,12342040,3.4.12,2018-05-01T00:00
32,12340141,3.5.4,2018-05-17T00:00
33,12342973,3.4.13,2018-07-17T00:00
34,12343587,3.4.14,2019-04-02T00:00
35,12343268,3.5.5,2019-05-20T00:00
36,12345243,3.5.6,2019-10-17T00:00
37,12346098,3.5.7,2020-02-14T00:00
38,12346764,3.6.1,2020-04-30T00:00
39,12346950,3.5.8,2020-05-11T00:00
40,12347809,3.6.2,2020-09-09T00:00
41,12348201,3.5.9,2021-01-14T00:00
42,12346617,3.7.0,2021-03-27T00:00
43,12348703,3.6.3,2021-04-13T00:00
44,12349587,3.8.0,2022-03-07T00:00
45,12350030,3.7.1,2022-05-12T00:00
46,12349434,3.5.10,2022-06-04T00:00
47,12351398,3.8.1,2023-01-30T00:00
